INSERT INTO siges_apoio_bolsa (id,opcao) VALUES (1,'Bolsa Atleta do Governo Federal'); 

INSERT INTO siges_apoio_bolsa (id,opcao) VALUES (2,'Bolsa Atleta do Governo Estadual'); 

INSERT INTO siges_apoio_bolsa (id,opcao) VALUES (3,'Bolsa Atleta do Município'); 

INSERT INTO siges_apoio_bolsa (id,opcao) VALUES (4,'Outro tipo de auxílio'); 

INSERT INTO siges_apoio_bolsa (id,opcao) VALUES (5,'Não recebo bolsa'); 

INSERT INTO siges_apoio_responsavel (id,opcoes) VALUES (1,'Não acompanham o meu envolvimento no esporte'); 

INSERT INTO siges_apoio_responsavel (id,opcoes) VALUES (2,'Me apoiam financeiramente'); 

INSERT INTO siges_apoio_responsavel (id,opcoes) VALUES (3,'Vão assistir aos treinos da equipe'); 

INSERT INTO siges_apoio_responsavel (id,opcoes) VALUES (4,'Costumam assistir aos meus jogos sempre que acontecem na cidade'); 

INSERT INTO siges_apoio_responsavel (id,opcoes) VALUES (5,'Incentivam a viajar para as competições'); 

INSERT INTO siges_apoio_responsavel (id,opcoes) VALUES (6,'Me cobram excessivamente para ser atleta'); 

INSERT INTO siges_apoio_responsavel (id,opcoes) VALUES (7,'Acompanham minhas atividades esportivas'); 

INSERT INTO siges_apoio_responsavel (id,opcoes) VALUES (8,'Procuram saber com o treinador/professor como está meu desempenho na equipe'); 

INSERT INTO siges_dificuldades (id,opcoes) VALUES (1,'não ter o apoio do município para o esporte'); 

INSERT INTO siges_dificuldades (id,opcoes) VALUES (2,'conseguir viajar para os jogos'); 

INSERT INTO siges_dificuldades (id,opcoes) VALUES (3,'morar distante do local do treino'); 

INSERT INTO siges_dificuldades (id,opcoes) VALUES (4,'depender da família para me levar ao treino'); 

INSERT INTO siges_dificuldades (id,opcoes) VALUES (5,'não ter local para treinar/competir'); 

INSERT INTO siges_dificuldades (id,opcoes) VALUES (6,'não ter recurso financeiro para comprar material para treino/competição'); 

INSERT INTO siges_dificuldades (id,opcoes) VALUES (7,'não tenho dificuldades'); 

INSERT INTO siges_dificuldades (id,opcoes) VALUES (8,'outros'); 

INSERT INTO siges_espaco_treino (id,opcoes) VALUES (1,'outros espaços utilizados'); 

INSERT INTO siges_espaco_treino (id,opcoes) VALUES (2,'quadra poliesportiva com cobertura'); 

INSERT INTO siges_espaco_treino (id,opcoes) VALUES (3,'quadra poliesportiva sem cobertura'); 

INSERT INTO siges_espaco_treino (id,opcoes) VALUES (4,'ginásio poliesportivo'); 

INSERT INTO siges_espaco_treino (id,opcoes) VALUES (5,'academia de musculação'); 

INSERT INTO siges_espaco_treino (id,opcoes) VALUES (6,'praças/parques públicos'); 

INSERT INTO siges_espaco_treino (id,opcoes) VALUES (7,'piscina'); 

INSERT INTO siges_espaco_treino (id,opcoes) VALUES (8,'quadra de areia'); 

INSERT INTO siges_espaco_treino (id,opcoes) VALUES (9,'pista de atletismo'); 

INSERT INTO siges_espaco_treino (id,opcoes) VALUES (10,'campo de futebol'); 

INSERT INTO siges_espaco_treino (id,opcoes) VALUES (11,'quadra de tenis'); 

INSERT INTO siges_espaco_treino (id,opcoes) VALUES (12,'nenhum dos espaços'); 

INSERT INTO siges_estados (id,codigo_estado,sigla,estado) VALUES (1,'11','RO','Rondônia'); 

INSERT INTO siges_estados (id,codigo_estado,sigla,estado) VALUES (2,'12','AC','Acre'); 

INSERT INTO siges_estados (id,codigo_estado,sigla,estado) VALUES (3,'13','AM','Amazonas'); 

INSERT INTO siges_estados (id,codigo_estado,sigla,estado) VALUES (4,'14','RR','Roraima'); 

INSERT INTO siges_estados (id,codigo_estado,sigla,estado) VALUES (5,'15','PA','Pará'); 

INSERT INTO siges_estados (id,codigo_estado,sigla,estado) VALUES (6,'16','AP','Amapá'); 

INSERT INTO siges_estados (id,codigo_estado,sigla,estado) VALUES (7,'17','TO','Tocantins'); 

INSERT INTO siges_estados (id,codigo_estado,sigla,estado) VALUES (8,'21','MA','Maranhão'); 

INSERT INTO siges_estados (id,codigo_estado,sigla,estado) VALUES (9,'22','PI','Piauí'); 

INSERT INTO siges_estados (id,codigo_estado,sigla,estado) VALUES (10,'23','CE','Ceará'); 

INSERT INTO siges_estados (id,codigo_estado,sigla,estado) VALUES (11,'24','RN','Rio Grande do Norte'); 

INSERT INTO siges_estados (id,codigo_estado,sigla,estado) VALUES (12,'25','PB','Paraíba'); 

INSERT INTO siges_estados (id,codigo_estado,sigla,estado) VALUES (13,'26','PE','Pernambuco'); 

INSERT INTO siges_estados (id,codigo_estado,sigla,estado) VALUES (14,'27','AL','Alagoas'); 

INSERT INTO siges_estados (id,codigo_estado,sigla,estado) VALUES (15,'28','SE','Sergipe'); 

INSERT INTO siges_estados (id,codigo_estado,sigla,estado) VALUES (16,'29','BA','Bahia'); 

INSERT INTO siges_estados (id,codigo_estado,sigla,estado) VALUES (17,'31','MG','Minas Gerais'); 

INSERT INTO siges_estados (id,codigo_estado,sigla,estado) VALUES (18,'32','ES','Espírito Santo'); 

INSERT INTO siges_estados (id,codigo_estado,sigla,estado) VALUES (19,'33','RJ','Rio de Janeiro'); 

INSERT INTO siges_estados (id,codigo_estado,sigla,estado) VALUES (20,'35','SP','São Paulo'); 

INSERT INTO siges_estados (id,codigo_estado,sigla,estado) VALUES (21,'41','PR','Paraná'); 

INSERT INTO siges_estados (id,codigo_estado,sigla,estado) VALUES (22,'42','SC','Santa Catariana'); 

INSERT INTO siges_estados (id,codigo_estado,sigla,estado) VALUES (23,'43','RS','Rio Grande do Sul'); 

INSERT INTO siges_estados (id,codigo_estado,sigla,estado) VALUES (24,'50','MS','Mato Grosso do Sul'); 

INSERT INTO siges_estados (id,codigo_estado,sigla,estado) VALUES (25,'51','MT','Mato Grosso'); 

INSERT INTO siges_estados (id,codigo_estado,sigla,estado) VALUES (26,'52','GO','Goiás'); 

INSERT INTO siges_estados (id,codigo_estado,sigla,estado) VALUES (27,'53','DF','Distrito Federal'); 

INSERT INTO siges_faixa_idh (id,faixa,classificacao,limite_inferior,limite_superior) VALUES (1,'Muito baixo',1,null,0.499); 

INSERT INTO siges_faixa_idh (id,faixa,classificacao,limite_inferior,limite_superior) VALUES (2,'Baixo',2,0.5,0.599); 

INSERT INTO siges_faixa_idh (id,faixa,classificacao,limite_inferior,limite_superior) VALUES (3,'Médio',3,0.6,0.699); 

INSERT INTO siges_faixa_idh (id,faixa,classificacao,limite_inferior,limite_superior) VALUES (4,'Alto',4,0.7,0.799); 

INSERT INTO siges_faixa_idh (id,faixa,classificacao,limite_inferior,limite_superior) VALUES (5,'Muito Alto',5,0.8,1); 

INSERT INTO siges_momento_treino (id,opcoes) VALUES (1,'no horário da aula de Educação Física escolar'); 

INSERT INTO siges_momento_treino (id,opcoes) VALUES (2,'fora do horário escolar (no contra-turno)'); 

INSERT INTO siges_momento_treino (id,opcoes) VALUES (3,'em ambas as opções anteriores'); 

INSERT INTO siges_moradores_casa (id,tipo) VALUES (1,'Pai'); 

INSERT INTO siges_moradores_casa (id,tipo) VALUES (2,'Mãe'); 

INSERT INTO siges_moradores_casa (id,tipo) VALUES (3,'Irmão(ãos)'); 

INSERT INTO siges_moradores_casa (id,tipo) VALUES (4,'Outro familiar (primos, tio, tia, avós...)'); 

INSERT INTO siges_moradores_casa (id,tipo) VALUES (5,'Outro não familiar (amigos, convidados...)'); 

INSERT INTO siges_nivel_escolariade (id,nivel_escolaridade) VALUES (1,'Ensino Fundamental I'); 

INSERT INTO siges_nivel_escolariade (id,nivel_escolaridade) VALUES (2,'Ensino Fundamental II'); 

INSERT INTO siges_nivel_escolariade (id,nivel_escolaridade) VALUES (3,'Ensino Médio'); 

INSERT INTO siges_nivel_escolariade (id,nivel_escolaridade) VALUES (4,'Ensino Superior'); 

INSERT INTO siges_nivel_escolariade (id,nivel_escolaridade) VALUES (5,'Não frequentou escola'); 

INSERT INTO siges_nivel_escolariade (id,nivel_escolaridade) VALUES (6,'Não Sei'); 

INSERT INTO siges_participa_outras_competicoes (id,opcoes) VALUES (1,'Sim, em nível estadual'); 

INSERT INTO siges_participa_outras_competicoes (id,opcoes) VALUES (2,'Sim, em nível nacional'); 

INSERT INTO siges_participa_outras_competicoes (id,opcoes) VALUES (3,'Sim, em nível internacional'); 

INSERT INTO siges_participa_outras_competicoes (id,opcoes) VALUES (4,'Não, é o primeiro evento que participo'); 

INSERT INTO siges_raca (id,raca) VALUES (1,'Branca'); 

INSERT INTO siges_raca (id,raca) VALUES (2,'Preta'); 

INSERT INTO siges_raca (id,raca) VALUES (3,'Parda'); 

INSERT INTO siges_raca (id,raca) VALUES (4,'Amarela'); 

INSERT INTO siges_raca (id,raca) VALUES (5,'Indígena'); 

INSERT INTO siges_regioes_esportivas (id,siges_estados_id,nr_regiao,regiao) VALUES (1,25,1,'CENTRO NORTE '); 

INSERT INTO siges_regioes_esportivas (id,siges_estados_id,nr_regiao,regiao) VALUES (2,25,2,'LESTE'); 

INSERT INTO siges_regioes_esportivas (id,siges_estados_id,nr_regiao,regiao) VALUES (3,25,3,'MÉDIO NORTE'); 

INSERT INTO siges_regioes_esportivas (id,siges_estados_id,nr_regiao,regiao) VALUES (4,25,4,'NORDESTE'); 

INSERT INTO siges_regioes_esportivas (id,siges_estados_id,nr_regiao,regiao) VALUES (5,25,5,'NOROESTE'); 

INSERT INTO siges_regioes_esportivas (id,siges_estados_id,nr_regiao,regiao) VALUES (6,25,6,'NORTE'); 

INSERT INTO siges_regioes_esportivas (id,siges_estados_id,nr_regiao,regiao) VALUES (7,25,7,'OESTE'); 

INSERT INTO siges_regioes_esportivas (id,siges_estados_id,nr_regiao,regiao) VALUES (8,25,8,'SUDESTE'); 

INSERT INTO siges_regioes_esportivas (id,siges_estados_id,nr_regiao,regiao) VALUES (9,25,9,'SUDOESTE'); 

INSERT INTO siges_regioes_esportivas (id,siges_estados_id,nr_regiao,regiao) VALUES (10,25,10,'SUL'); 

INSERT INTO siges_responsaveis_competicoes (id,opcoes) VALUES (1,'Nunca participaram de eventos esportivos'); 

INSERT INTO siges_responsaveis_competicoes (id,opcoes) VALUES (2,'Eventos na escola (jogos interclasses)'); 

INSERT INTO siges_responsaveis_competicoes (id,opcoes) VALUES (3,'Eventos esportivos em nível municipal'); 

INSERT INTO siges_responsaveis_competicoes (id,opcoes) VALUES (4,'Eventos esportivos em nível estadual'); 

INSERT INTO siges_responsaveis_competicoes (id,opcoes) VALUES (5,'Eventos esportivos em nível nacional'); 

INSERT INTO siges_responsaveis_competicoes (id,opcoes) VALUES (6,'Eventos esportivos em nível internacional'); 

INSERT INTO siges_responsaveis_competicoes (id,opcoes) VALUES (7,'Não sei'); 

INSERT INTO siges_serie_escolar (id,nivel,serie,idade,active) VALUES (1,'Educação Infantil','Berçario','0-2','N'); 

INSERT INTO siges_serie_escolar (id,nivel,serie,idade,active) VALUES (2,'Educação Infantil','N1','3','N'); 

INSERT INTO siges_serie_escolar (id,nivel,serie,idade,active) VALUES (3,'Educação Infantil','N2','4','N'); 

INSERT INTO siges_serie_escolar (id,nivel,serie,idade,active) VALUES (4,'Educação Infantil','N3','5','N'); 

INSERT INTO siges_serie_escolar (id,nivel,serie,idade,active) VALUES (5,'Ensino Fundamental (séries iniciais)','1º Ano','6','Y'); 

INSERT INTO siges_serie_escolar (id,nivel,serie,idade,active) VALUES (6,'Ensino Fundamental (séries iniciais)','2º Ano','7','Y'); 

INSERT INTO siges_serie_escolar (id,nivel,serie,idade,active) VALUES (7,'Ensino Fundamental (séries iniciais)','3º Ano','8','Y'); 

INSERT INTO siges_serie_escolar (id,nivel,serie,idade,active) VALUES (8,'Ensino Fundamental (séries iniciais)','4º Ano','9','Y'); 

INSERT INTO siges_serie_escolar (id,nivel,serie,idade,active) VALUES (9,'Ensino Fundamental (séries iniciais)','5º Ano','10','Y'); 

INSERT INTO siges_serie_escolar (id,nivel,serie,idade,active) VALUES (10,'Ensino Fundamental (séries finais)','6º Ano','11','Y'); 

INSERT INTO siges_serie_escolar (id,nivel,serie,idade,active) VALUES (11,'Ensino Fundamental (séries finais)','7º Ano','12','Y'); 

INSERT INTO siges_serie_escolar (id,nivel,serie,idade,active) VALUES (12,'Ensino Fundamental (séries finais)','8º Ano','13','Y'); 

INSERT INTO siges_serie_escolar (id,nivel,serie,idade,active) VALUES (13,'Ensino Fundamental (séries finais)','9º Ano','14','Y'); 

INSERT INTO siges_serie_escolar (id,nivel,serie,idade,active) VALUES (14,'Ensino Médio','1º Ano','15','Y'); 

INSERT INTO siges_serie_escolar (id,nivel,serie,idade,active) VALUES (15,'Ensino Médio','2º Ano','16','Y'); 

INSERT INTO siges_serie_escolar (id,nivel,serie,idade,active) VALUES (16,'Ensino Médio','3º Ano','17','Y'); 

INSERT INTO siges_serie_escolar (id,nivel,serie,idade,active) VALUES (17,'Ensino Superior','1º Período','18','N'); 

INSERT INTO siges_tempo_competicoes (id,opcoes) VALUES (1,'Há menos de seis meses'); 

INSERT INTO siges_tempo_competicoes (id,opcoes) VALUES (2,'Entre seis meses e um ano'); 

INSERT INTO siges_tempo_competicoes (id,opcoes) VALUES (3,'Entre um e dois anos'); 

INSERT INTO siges_tempo_competicoes (id,opcoes) VALUES (4,'Mais de dois anos'); 

INSERT INTO siges_tipo_moradia (id,tipo) VALUES (1,'Própria'); 

INSERT INTO siges_tipo_moradia (id,tipo) VALUES (2,'Alugada'); 

INSERT INTO siges_tipo_moradia (id,tipo) VALUES (3,'Cedida'); 

INSERT INTO siges_tipo_moradia (id,tipo) VALUES (4,'Não Sei'); 

INSERT INTO siges_tipo_serie (id,tipo,sigla) VALUES (1,'Anos Iniciais','AI'); 

INSERT INTO siges_tipo_serie (id,tipo,sigla) VALUES (2,'Anos Finais','AF'); 

INSERT INTO siges_tipo_serie (id,tipo,sigla) VALUES (3,'Ensino Médio','EM'); 

INSERT INTO siges_tipo_serie (id,tipo,sigla) VALUES (4,'Ensino Superior','ES'); 

INSERT INTO siges_tipos_instituicao (id,tipo_instituicao) VALUES (1,'Municipal'); 

INSERT INTO siges_tipos_instituicao (id,tipo_instituicao) VALUES (2,'Estadual'); 

INSERT INTO siges_tipos_instituicao (id,tipo_instituicao) VALUES (3,'Federal'); 

INSERT INTO siges_tipos_instituicao (id,tipo_instituicao) VALUES (4,'Privada'); 

INSERT INTO siges_zona_municipio (id,tipo) VALUES (1,'Zona Urbana'); 

INSERT INTO siges_zona_municipio (id,tipo) VALUES (2,'Zona Rural'); 

INSERT INTO siges_zona_municipio (id,tipo) VALUES (3,'Comunidade Indígena'); 

INSERT INTO siges_zona_municipio (id,tipo) VALUES (4,'Quilombola'); 

INSERT INTO system_group (id,name) VALUES (1,'Admin'); 

INSERT INTO system_group (id,name) VALUES (2,'Standard'); 

INSERT INTO system_group_program (id,system_group_id,system_program_id) VALUES (1,1,1); 

INSERT INTO system_group_program (id,system_group_id,system_program_id) VALUES (2,1,2); 

INSERT INTO system_group_program (id,system_group_id,system_program_id) VALUES (3,1,3); 

INSERT INTO system_group_program (id,system_group_id,system_program_id) VALUES (4,1,4); 

INSERT INTO system_group_program (id,system_group_id,system_program_id) VALUES (5,1,5); 

INSERT INTO system_group_program (id,system_group_id,system_program_id) VALUES (6,1,6); 

INSERT INTO system_group_program (id,system_group_id,system_program_id) VALUES (7,1,8); 

INSERT INTO system_group_program (id,system_group_id,system_program_id) VALUES (8,1,9); 

INSERT INTO system_group_program (id,system_group_id,system_program_id) VALUES (9,1,11); 

INSERT INTO system_group_program (id,system_group_id,system_program_id) VALUES (10,1,14); 

INSERT INTO system_group_program (id,system_group_id,system_program_id) VALUES (11,1,15); 

INSERT INTO system_group_program (id,system_group_id,system_program_id) VALUES (12,2,10); 

INSERT INTO system_group_program (id,system_group_id,system_program_id) VALUES (13,2,12); 

INSERT INTO system_group_program (id,system_group_id,system_program_id) VALUES (14,2,13); 

INSERT INTO system_group_program (id,system_group_id,system_program_id) VALUES (15,2,16); 

INSERT INTO system_group_program (id,system_group_id,system_program_id) VALUES (16,2,17); 

INSERT INTO system_group_program (id,system_group_id,system_program_id) VALUES (17,2,18); 

INSERT INTO system_group_program (id,system_group_id,system_program_id) VALUES (18,2,19); 

INSERT INTO system_group_program (id,system_group_id,system_program_id) VALUES (19,2,20); 

INSERT INTO system_group_program (id,system_group_id,system_program_id) VALUES (20,1,21); 

INSERT INTO system_group_program (id,system_group_id,system_program_id) VALUES (21,2,22); 

INSERT INTO system_group_program (id,system_group_id,system_program_id) VALUES (22,2,23); 

INSERT INTO system_group_program (id,system_group_id,system_program_id) VALUES (23,2,24); 

INSERT INTO system_group_program (id,system_group_id,system_program_id) VALUES (24,2,25); 

INSERT INTO system_group_program (id,system_group_id,system_program_id) VALUES (25,1,26); 

INSERT INTO system_group_program (id,system_group_id,system_program_id) VALUES (26,1,27); 

INSERT INTO system_group_program (id,system_group_id,system_program_id) VALUES (27,1,28); 

INSERT INTO system_group_program (id,system_group_id,system_program_id) VALUES (28,1,29); 

INSERT INTO system_group_program (id,system_group_id,system_program_id) VALUES (29,2,30); 

INSERT INTO system_group_program (id,system_group_id,system_program_id) VALUES (30,1,31); 

INSERT INTO system_group_program (id,system_group_id,system_program_id) VALUES (31,1,32); 

INSERT INTO system_group_program (id,system_group_id,system_program_id) VALUES (32,1,33); 

INSERT INTO system_group_program (id,system_group_id,system_program_id) VALUES (33,1,34); 

INSERT INTO system_program (id,name,controller) VALUES (1,'System Group Form','SystemGroupForm'); 

INSERT INTO system_program (id,name,controller) VALUES (2,'System Group List','SystemGroupList'); 

INSERT INTO system_program (id,name,controller) VALUES (3,'System Program Form','SystemProgramForm'); 

INSERT INTO system_program (id,name,controller) VALUES (4,'System Program List','SystemProgramList'); 

INSERT INTO system_program (id,name,controller) VALUES (5,'System User Form','SystemUserForm'); 

INSERT INTO system_program (id,name,controller) VALUES (6,'System User List','SystemUserList'); 

INSERT INTO system_program (id,name,controller) VALUES (7,'Common Page','CommonPage'); 

INSERT INTO system_program (id,name,controller) VALUES (8,'System PHP Info','SystemPHPInfoView'); 

INSERT INTO system_program (id,name,controller) VALUES (9,'System ChangeLog View','SystemChangeLogView'); 

INSERT INTO system_program (id,name,controller) VALUES (10,'Welcome View','WelcomeView'); 

INSERT INTO system_program (id,name,controller) VALUES (11,'System Sql Log','SystemSqlLogList'); 

INSERT INTO system_program (id,name,controller) VALUES (12,'System Profile View','SystemProfileView'); 

INSERT INTO system_program (id,name,controller) VALUES (13,'System Profile Form','SystemProfileForm'); 

INSERT INTO system_program (id,name,controller) VALUES (14,'System SQL Panel','SystemSQLPanel'); 

INSERT INTO system_program (id,name,controller) VALUES (15,'System Access Log','SystemAccessLogList'); 

INSERT INTO system_program (id,name,controller) VALUES (16,'System Message Form','SystemMessageForm'); 

INSERT INTO system_program (id,name,controller) VALUES (17,'System Message List','SystemMessageList'); 

INSERT INTO system_program (id,name,controller) VALUES (18,'System Message Form View','SystemMessageFormView'); 

INSERT INTO system_program (id,name,controller) VALUES (19,'System Notification List','SystemNotificationList'); 

INSERT INTO system_program (id,name,controller) VALUES (20,'System Notification Form View','SystemNotificationFormView'); 

INSERT INTO system_program (id,name,controller) VALUES (21,'System Document Category List','SystemDocumentCategoryFormList'); 

INSERT INTO system_program (id,name,controller) VALUES (22,'System Document Form','SystemDocumentForm'); 

INSERT INTO system_program (id,name,controller) VALUES (23,'System Document Upload Form','SystemDocumentUploadForm'); 

INSERT INTO system_program (id,name,controller) VALUES (24,'System Document List','SystemDocumentList'); 

INSERT INTO system_program (id,name,controller) VALUES (25,'System Shared Document List','SystemSharedDocumentList'); 

INSERT INTO system_program (id,name,controller) VALUES (26,'System Unit Form','SystemUnitForm'); 

INSERT INTO system_program (id,name,controller) VALUES (27,'System Unit List','SystemUnitList'); 

INSERT INTO system_program (id,name,controller) VALUES (28,'System Access stats','SystemAccessLogStats'); 

INSERT INTO system_program (id,name,controller) VALUES (29,'System Preference form','SystemPreferenceForm'); 

INSERT INTO system_program (id,name,controller) VALUES (30,'System Support form','SystemSupportForm'); 

INSERT INTO system_program (id,name,controller) VALUES (31,'System PHP Error','SystemPHPErrorLogView'); 

INSERT INTO system_program (id,name,controller) VALUES (32,'System Database Browser','SystemDatabaseExplorer'); 

INSERT INTO system_program (id,name,controller) VALUES (33,'System Table List','SystemTableList'); 

INSERT INTO system_program (id,name,controller) VALUES (34,'System Data Browser','SystemDataBrowser'); 

INSERT INTO system_unit (id,name,siges_cidades_id) VALUES (1,'Matriz',null); 

INSERT INTO system_user_group (id,system_user_id,system_group_id) VALUES (1,1,1); 

INSERT INTO system_user_group (id,system_user_id,system_group_id) VALUES (2,2,2); 

INSERT INTO system_user_group (id,system_user_id,system_group_id) VALUES (3,1,2); 

INSERT INTO system_user_program (id,system_user_id,system_program_id) VALUES (1,2,7); 

INSERT INTO system_users (id,name,login,password,email,frontpage_id,system_unit_id,active,cpf,genero,nascimento,siges_instituicao_id,observacoes) VALUES (1,'Administrator','admin','21232f297a57a5a743894a0e4a801fc3','admin@admin.net',10,1,'Y','1',null,null,null,null); 

INSERT INTO system_users (id,name,login,password,email,frontpage_id,system_unit_id,active,cpf,genero,nascimento,siges_instituicao_id,observacoes) VALUES (2,'User','user','ee11cbb19052e40b07aac0ca060c23ee','user@user.net',7,1,'Y','2',null,null,null,null); 

INSERT INTO system_user_unit (id,system_user_id,system_unit_id) VALUES (1,1,1); 
